action,operation,operation_price,operation_stop_price,operation_end_type,unix,date,price,base,quote,debt_base,total_quote,gain,run_unix,run_date
LONG,BUY,224.72000122,202.2480011,0,1720193400,2024-07-05 15:30:00,224.72000122,44.49982176,0.0,0.0,10000.0000002,0.0,1720193400,2024-07-05 15:30:00
CLOSE,SELL,225.13499451,-1.0,0,1720202400,2024-07-05 18:00:00,225.13499451,0.0,10018.46712763,0.0,10018.46712763,0.00185,1720202400,2024-07-05 18:00:00
SHORT,SELL,225.13499451,247.64849396,0,1720202400,2024-07-05 18:00:00,225.13499451,0.0,20036.93425526,44.49982176,10018.46712763,0.00185,1720202400,2024-07-05 18:00:00
COVER,BUY,226.30999756,-1.0,0,1720209600,2024-07-05 20:00:00,226.30999756,0.0,9966.179701329998,0.0,9966.17970133,-0.00338,1720209600,2024-07-05 20:00:00
LONG,BUY,226.30999756,203.6789978,0,1720209600,2024-07-05 20:00:00,226.30999756,44.037735,0.0,0.0,9966.1797004,-0.00338,1720209600,2024-07-05 20:00:00
CLOSE,SELL,231.1000061,-1.0,0,1720621800,2024-07-10 14:30:00,231.1000061,0.0,10177.12082713,0.0,10177.12082713,0.01771,1720621800,2024-07-10 14:30:00
SHORT,SELL,231.1000061,254.21000671,0,1720621800,2024-07-10 14:30:00,231.1000061,0.0,20354.24165426,44.037735,10177.12082713,0.01771,1720621800,2024-07-10 14:30:00
COVER,BUY,230.99499512,-1.0,0,1720625400,2024-07-10 15:30:00,230.99499512,0.0,10181.74527284,0.0,10181.74527284,0.01817,1720625400,2024-07-10 15:30:00
LONG,BUY,230.99499512,207.89549561,0,1720625400,2024-07-10 15:30:00,230.99499512,44.07777436,0.0,0.0,10181.74527319,0.01817,1720625400,2024-07-10 15:30:00
CLOSE,SELL,231.27999878,-1.0,0,1720627200,2024-07-10 16:00:00,231.27999878,0.0,10194.30760021,0.0,10194.30760021,0.01943,1720627200,2024-07-10 16:00:00
SHORT,SELL,231.27999878,254.40799866,0,1720627200,2024-07-10 16:00:00,231.27999878,0.0,20388.61520042,44.07777436,10194.30760021,0.01943,1720627200,2024-07-10 16:00:00
COVER,BUY,232.19500732,-1.0,0,1720629000,2024-07-10 16:30:00,232.19500732,0.0,10153.976060250001,0.0,10153.97606025,0.0154,1720629000,2024-07-10 16:30:00
LONG,BUY,232.19500732,208.97550659,0,1720629000,2024-07-10 16:30:00,232.19500732,43.73038067,0.0,0.0,10153.97605978,0.0154,1720629000,2024-07-10 16:30:00
CLOSE,SELL,231.32400513,-1.0,0,1720630800,2024-07-10 17:00:00,231.32400513,0.0,10115.88680244,0.0,10115.88680244,0.01159,1720630800,2024-07-10 17:00:00
SHORT,SELL,231.32400513,254.45640564,0,1720630800,2024-07-10 17:00:00,231.32400513,0.0,20231.77360488,43.73038067,10115.88680244,0.01159,1720630800,2024-07-10 17:00:00
COVER,BUY,231.75999451,-1.0,0,1720639800,2024-07-10 19:30:00,231.75999451,0.0,10096.82082088,0.0,10096.82082088,0.00968,1720639800,2024-07-10 19:30:00
LONG,BUY,232.91000366,209.61900329,0,1720641600,2024-07-10 20:00:00,232.91000366,43.35073918,0.0,0.0,10096.82082108,0.00968,1720641600,2024-07-10 20:00:00
CLOSE,SELL,228.8999939,-1.0,0,1720708200,2024-07-11 14:30:00,228.8999939,0.0,9922.98393386,0.0,9922.98393386,-0.0077,1720708200,2024-07-11 14:30:00
SHORT,SELL,228.8999939,251.78999329,0,1720708200,2024-07-11 14:30:00,228.8999939,0.0,19845.96786772,43.35073918,9922.98393386,-0.0077,1720708200,2024-07-11 14:30:00
COVER,BUY,226.66000366,-1.0,0,1720710000,2024-07-11 15:00:00,226.66000366,0.0,10020.08916652,0.0,10020.08916652,0.00201,1720710000,2024-07-11 15:00:00
LONG,BUY,226.66000366,203.99400329,0,1720710000,2024-07-11 15:00:00,226.66000366,44.20757524,0.0,0.0,10020.0891657,0.00201,1720710000,2024-07-11 15:00:00
CLOSE,SELL,226.61999512,-1.0,0,1720711800,2024-07-11 15:30:00,226.61999512,0.0,10018.32048516,0.0,10018.32048516,0.00183,1720711800,2024-07-11 15:30:00
SHORT,SELL,226.61999512,249.28199463,0,1720711800,2024-07-11 15:30:00,226.61999512,0.0,20036.64097032,44.20757524,10018.32048516,0.00183,1720711800,2024-07-11 15:30:00
COVER,BUY,227.72000122,-1.0,0,1720717200,2024-07-11 17:00:00,227.72000122,0.0,9969.691882730001,0.0,9969.69188273,-0.00303,1720717200,2024-07-11 17:00:00
SHORT,SELL,227.97999573,250.7779953,0,1720719000,2024-07-11 17:30:00,227.97999573,0.0,19939.383765460003,43.73055562,9969.69188194,-0.00303,1720719000,2024-07-11 17:30:00
COVER,BUY,226.82000732,-1.0,0,1720720800,2024-07-11 18:00:00,226.82000732,0.0,10020.418819620003,0.0,10020.41881962,0.00204,1720720800,2024-07-11 18:00:00
LONG,BUY,226.82000732,204.13800659,0,1720720800,2024-07-11 18:00:00,226.82000732,44.17784365,0.0,0.0,10020.41882007,0.00204,1720720800,2024-07-11 18:00:00
CLOSE,SELL,231.3500061,-1.0,0,1720792800,2024-07-12 14:00:00,231.3500061,0.0,10220.54439791,0.0,10220.54439791,0.02205,1720792800,2024-07-12 14:00:00
LONG,BUY,230.88000488,207.79200439,0,1720794600,2024-07-12 14:30:00,230.88000488,44.26777626,0.0,0.0,10220.54439894,0.02205,1720794600,2024-07-12 14:30:00
CLOSE,SELL,231.8500061,-1.0,0,1720796400,2024-07-12 15:00:00,231.8500061,0.0,10263.48419591,0.0,10263.48419591,0.02635,1720796400,2024-07-12 15:00:00
SHORT,SELL,231.8500061,255.03500671,0,1720796400,2024-07-12 15:00:00,231.8500061,0.0,20526.96839182,44.26777626,10263.48419591,0.02635,1720796400,2024-07-12 15:00:00
COVER,BUY,234.7901001,-1.0,0,1721053800,2024-07-15 14:30:00,234.7901001,0.0,10133.332772529999,0.0,10133.33277253,0.01333,1721053800,2024-07-15 14:30:00
LONG,BUY,234.7901001,211.31109009,0,1721053800,2024-07-15 14:30:00,234.7901001,43.15911432,0.0,0.0,10133.33277142,0.01333,1721053800,2024-07-15 14:30:00
CLOSE,SELL,235.6000061,-1.0,0,1721057400,2024-07-15 15:30:00,235.6000061,0.0,10168.28759706,0.0,10168.28759706,0.01683,1721057400,2024-07-15 15:30:00
SHORT,SELL,235.6000061,259.16000671,0,1721057400,2024-07-15 15:30:00,235.6000061,0.0,20336.57519412,43.15911432,10168.28759706,0.01683,1721057400,2024-07-15 15:30:00
COVER,BUY,233.91000366,-1.0,0,1721145600,2024-07-16 16:00:00,233.91000366,0.0,10241.22660557,0.0,10241.22660557,0.02412,1721145600,2024-07-16 16:00:00
LONG,BUY,233.91000366,210.51900329,0,1721145600,2024-07-16 16:00:00,233.91000366,43.7827645,0.0,0.0,10241.22660444,0.02412,1721145600,2024-07-16 16:00:00
CLOSE,SELL,229.00999451,-1.0,0,1721224800,2024-07-17 14:00:00,229.00999451,0.0,10026.69065778,0.0,10026.69065778,0.00267,1721224800,2024-07-17 14:00:00
SHORT,SELL,227.77000427,250.5470047,0,1721228400,2024-07-17 15:00:00,227.77000427,0.0,20053.38131556,44.02111986,10026.69065708,0.00267,1721228400,2024-07-17 15:00:00
COVER,BUY,222.99000549,-1.0,0,1721316600,2024-07-18 15:30:00,222.99000549,0.0,10237.1115563,0.0,10237.1115563,0.02371,1721316600,2024-07-18 15:30:00
SHORT,SELL,223.49000549,245.83900604,0,1721318400,2024-07-18 16:00:00,223.49000549,0.0,20474.2231126,45.80567947,10237.11155638,0.02371,1721318400,2024-07-18 16:00:00
COVER,BUY,224.60009766,-1.0,0,1721327400,2024-07-18 18:30:00,224.60009766,0.0,10186.263030260001,0.0,10186.26303026,0.01863,1721327400,2024-07-18 18:30:00
LONG,BUY,225.82000732,203.23800659,0,1721397600,2024-07-19 14:00:00,225.82000732,45.10788548,0.0,0.0,10186.26302928,0.01863,1721397600,2024-07-19 14:00:00
CLOSE,SELL,225.01420593,-1.0,0,1721399400,2024-07-19 14:30:00,225.01420593,0.0,10149.91503246,0.0,10149.91503246,0.01499,1721399400,2024-07-19 14:30:00
SHORT,SELL,225.01420593,247.51562652,0,1721399400,2024-07-19 14:30:00,225.01420593,0.0,20299.83006492,45.10788548,10149.91503246,0.01499,1721399400,2024-07-19 14:30:00
COVER,BUY,224.27000427,-1.0,0,1721667600,2024-07-22 17:00:00,224.27000427,0.0,10183.484395709998,0.0,10183.48439571,0.01835,1721667600,2024-07-22 17:00:00
SHORT,SELL,224.67999268,247.14799195,0,1721676600,2024-07-22 19:30:00,224.67999268,0.0,20366.968791419997,45.32439348,10183.48439611,0.01835,1721676600,2024-07-22 19:30:00
COVER,BUY,224.72000122,-1.0,0,1721755800,2024-07-23 17:30:00,224.72000122,0.0,10181.671033299997,0.0,10181.6710333,0.01817,1721755800,2024-07-23 17:30:00
LONG,BUY,225.00799561,202.50719605,0,1721757600,2024-07-23 18:00:00,225.00799561,45.25026324,0.0,0.0,10181.67103246,0.01817,1721757600,2024-07-23 18:00:00
CLOSE,SELL,224.53999329,-1.0,0,1721759400,2024-07-23 18:30:00,224.53999329,0.0,10160.49380428,0.0,10160.49380428,0.01605,1721759400,2024-07-23 18:30:00
SHORT,SELL,224.77999878,247.25799866,0,1721761200,2024-07-23 19:00:00,224.77999878,0.0,20320.98760856,45.20194795,10160.49380351,0.01605,1721761200,2024-07-23 19:00:00
COVER,BUY,220.88999939,-1.0,0,1721831400,2024-07-24 14:30:00,220.88999939,0.0,10336.329353460002,0.0,10336.32935346,0.03363,1721831400,2024-07-24 14:30:00
LONG,BUY,220.88999939,198.80099945,0,1721831400,2024-07-24 14:30:00,220.88999939,46.79401232,0.0,0.0,10336.32935282,0.03363,1721831400,2024-07-24 14:30:00
CLOSE,SELL,218.8302002,-1.0,0,1721833200,2024-07-24 15:00:00,218.8302002,0.0,10239.94308415,0.0,10239.94308415,0.02399,1721833200,2024-07-24 15:00:00
SHORT,SELL,218.8302002,240.71322022,0,1721833200,2024-07-24 15:00:00,218.8302002,0.0,20479.8861683,46.79401232,10239.94308415,0.02399,1721833200,2024-07-24 15:00:00
COVER,BUY,218.67500305,-1.0,0,1721835000,2024-07-24 15:30:00,218.67500305,0.0,10247.2053815,0.0,10247.2053815,0.02472,1721835000,2024-07-24 15:30:00
LONG,BUY,218.67500305,196.80750274,0,1721835000,2024-07-24 15:30:00,218.67500305,46.86043324,0.0,0.0,10247.20538168,0.02472,1721835000,2024-07-24 15:30:00
CLOSE,SELL,217.81500244,-1.0,0,1721840400,2024-07-24 17:00:00,217.81500244,0.0,10206.90538051,0.0,10206.90538051,0.02069,1721840400,2024-07-24 17:00:00
SHORT,SELL,218.02580261,239.82838287,0,1721842200,2024-07-24 17:30:00,218.02580261,0.0,20413.81076102,46.81512582,10206.90537983,0.02069,1721842200,2024-07-24 17:30:00
COVER,BUY,219.41999817,-1.0,0,1721928600,2024-07-25 17:30:00,219.41999817,0.0,10141.635939269998,0.0,10141.63593927,0.01416,1721928600,2024-07-25 17:30:00
LONG,BUY,219.41999817,197.47799835,0,1721928600,2024-07-25 17:30:00,219.41999817,46.22019881,0.0,0.0,10141.63593831,0.01416,1721928600,2024-07-25 17:30:00
CLOSE,SELL,220.125,-1.0,0,1721935800,2024-07-25 19:30:00,220.125,0.0,10174.22126305,0.0,10174.22126305,0.01742,1721935800,2024-07-25 19:30:00
LONG,BUY,217.49000549,195.74100494,0,1721937600,2024-07-25 20:00:00,217.49000549,46.78017843,0.0,0.0,10174.22126356,0.01742,1721937600,2024-07-25 20:00:00
CLOSE,SELL,218.60499573,-1.0,0,1722022200,2024-07-26 19:30:00,218.60499573,0.0,10226.38070594,0.0,10226.38070594,0.02264,1722022200,2024-07-26 19:30:00
SHORT,SELL,218.60499573,240.4654953,0,1722022200,2024-07-26 19:30:00,218.60499573,0.0,20452.76141188,46.78017843,10226.38070594,0.02264,1722022200,2024-07-26 19:30:00
COVER,BUY,217.72999573,-1.0,0,1722263400,2024-07-29 14:30:00,217.72999573,0.0,10267.313362070001,0.0,10267.31336207,0.02673,1722263400,2024-07-29 14:30:00
LONG,BUY,217.72999573,195.95699616,0,1722263400,2024-07-29 14:30:00,217.72999573,47.15617307,0.0,0.0,10267.31336117,0.02673,1722263400,2024-07-29 14:30:00
CLOSE,SELL,217.13999939,-1.0,0,1722267000,2024-07-29 15:30:00,217.13999939,0.0,10239.49139165,0.0,10239.49139165,0.02395,1722267000,2024-07-29 15:30:00
SHORT,SELL,218.03500366,239.83850403,0,1722268800,2024-07-29 16:00:00,218.03500366,0.0,20478.9827833,46.96260334,10239.49139218,0.02395,1722268800,2024-07-29 16:00:00
COVER,BUY,219.63999939,-1.0,0,1722348000,2024-07-30 14:00:00,219.63999939,0.0,10164.116614350001,0.0,10164.11661435,0.01641,1722348000,2024-07-30 14:00:00
LONG,BUY,219.63999939,197.67599945,0,1722348000,2024-07-30 14:00:00,219.63999939,46.27625497,0.0,0.0,10164.11661338,0.01641,1722348000,2024-07-30 14:00:00
CLOSE,SELL,217.28999329,-1.0,0,1722353400,2024-07-30 15:30:00,217.28999329,0.0,10055.36713192,0.0,10055.36713192,0.00554,1722353400,2024-07-30 15:30:00
SHORT,SELL,217.28999329,239.01899262,0,1722353400,2024-07-30 15:30:00,217.28999329,0.0,20110.73426384,46.27625497,10055.36713192,0.00554,1722353400,2024-07-30 15:30:00
COVER,BUY,217.25,-1.0,0,1722360600,2024-07-30 17:30:00,217.25,0.0,10057.21787161,0.0,10057.21787161,0.00572,1722360600,2024-07-30 17:30:00
LONG,BUY,217.25,195.525,0,1722360600,2024-07-30 17:30:00,217.25,46.29329285,0.0,0.0,10057.21787166,0.00572,1722360600,2024-07-30 17:30:00
CLOSE,SELL,222.36999512,-1.0,0,1722443400,2024-07-31 16:30:00,222.36999512,0.0,10294.23930514,0.0,10294.23930514,0.02942,1722443400,2024-07-31 16:30:00
LONG,BUY,222.6000061,200.34000549,0,1722447000,2024-07-31 17:30:00,222.6000061,46.24545832,0.0,0.0,10294.23930413,0.02942,1722447000,2024-07-31 17:30:00
CLOSE,SELL,221.61010742,-1.0,0,1722454200,2024-07-31 19:30:00,221.61010742,0.0,10248.46098598,0.0,10248.46098598,0.02485,1722454200,2024-07-31 19:30:00
SHORT,SELL,221.61010742,243.77111816,0,1722454200,2024-07-31 19:30:00,221.61010742,0.0,20496.92197196,46.24545832,10248.46098598,0.02485,1722454200,2024-07-31 19:30:00
COVER,BUY,221.99000549,-1.0,0,1722456000,2024-07-31 20:00:00,221.99000549,0.0,10230.89242562,0.0,10230.89242562,0.02309,1722456000,2024-07-31 20:00:00
LONG,BUY,221.99000549,199.79100494,0,1722456000,2024-07-31 20:00:00,221.99000549,46.08717588,0.0,0.0,10230.89242662,0.02309,1722456000,2024-07-31 20:00:00
CLOSE,SELL,219.32000732,-1.0,0,1722529800,2024-08-01 16:30:00,219.32000732,0.0,10107.83975136,0.0,10107.83975136,0.01078,1722529800,2024-08-01 16:30:00
SHORT,SELL,219.32000732,241.25200805,0,1722529800,2024-08-01 16:30:00,219.32000732,0.0,20215.67950272,46.08717588,10107.83975136,0.01078,1722529800,2024-08-01 16:30:00
COVER,BUY,223.22999573,-1.0,0,1722607200,2024-08-02 14:00:00,223.22999573,0.0,9927.639427819999,0.0,9927.63942782,-0.00724,1722607200,2024-08-02 14:00:00
SHORT,SELL,222.65499878,244.92049866,0,1722609000,2024-08-02 14:30:00,222.65499878,0.0,19855.278855639997,44.58754343,9927.63942763,-0.00724,1722609000,2024-08-02 14:30:00
COVER,BUY,224.61999512,-1.0,0,1722616200,2024-08-02 16:30:00,224.61999512,0.0,9840.025067979997,0.0,9840.02506798,-0.016,1722616200,2024-08-02 16:30:00
SHORT,SELL,224.23500061,246.65850067,0,1722618000,2024-08-02 17:00:00,224.23500061,0.0,19680.050135959995,43.88264562,9840.02506859,-0.016,1722618000,2024-08-02 17:00:00
COVER,BUY,224.63999939,-1.0,0,1722619800,2024-08-02 17:30:00,224.63999939,0.0,9822.252650649994,0.0,9822.25265065,-0.01777,1722619800,2024-08-02 17:30:00
LONG,BUY,224.63999939,202.17599945,0,1722619800,2024-08-02 17:30:00,224.63999939,43.72441541,0.0,0.0,9822.25265103,-0.01777,1722619800,2024-08-02 17:30:00
CLOSE,SELL,224.19000244,-1.0,0,1722621600,2024-08-02 18:00:00,224.19000244,0.0,9802.57679746,0.0,9802.57679746,-0.01974,1722621600,2024-08-02 18:00:00
SHORT,SELL,224.19000244,246.60900268,0,1722621600,2024-08-02 18:00:00,224.19000244,0.0,19605.15359492,43.72441541,9802.57679746,-0.01974,1722621600,2024-08-02 18:00:00
COVER,BUY,207.63000488,-1.0,0,1722866400,2024-08-05 14:00:00,207.63000488,0.0,10526.653009970001,0.0,10526.65300997,0.05267,1722866400,2024-08-05 14:00:00
SHORT,SELL,209.55990601,230.51589661,0,1722870000,2024-08-05 15:00:00,209.55990601,0.0,21053.306019940002,50.23218998,10526.65300905,0.05267,1722870000,2024-08-05 15:00:00
COVER,BUY,203.13209534,-1.0,0,1722952800,2024-08-06 14:00:00,203.13209534,0.0,10849.536015790003,0.0,10849.53601579,0.08495,1722952800,2024-08-06 14:00:00
LONG,BUY,203.13209534,182.81888581,0,1722952800,2024-08-06 14:00:00,203.13209534,53.41123468,0.0,0.0,10849.53601524,0.08495,1722952800,2024-08-06 14:00:00
CLOSE,SELL,207.54600525,-1.0,0,1722956400,2024-08-06 15:00:00,207.54600525,0.0,11085.2883933,0.0,11085.2883933,0.10853,1722956400,2024-08-06 15:00:00
LONG,BUY,206.11000061,185.49900055,0,1722958200,2024-08-06 15:30:00,206.11000061,53.78336015,0.0,0.0,11085.28839332,0.10853,1722958200,2024-08-06 15:30:00
CLOSE,SELL,209.69999695,-1.0,0,1722963600,2024-08-06 17:00:00,209.69999695,0.0,11278.37045942,0.0,11278.37045942,0.12784,1722963600,2024-08-06 17:00:00
SHORT,SELL,209.69999695,230.66999665,0,1722963600,2024-08-06 17:00:00,209.69999695,0.0,22556.74091884,53.78336015,11278.37045942,0.12784,1722963600,2024-08-06 17:00:00
COVER,BUY,209.44639587,-1.0,0,1722969000,2024-08-06 18:30:00,209.44639587,0.0,11292.009977640002,0.0,11292.00997764,0.1292,1722969000,2024-08-06 18:30:00
SHORT,SELL,208.50500488,229.35550537,0,1722972600,2024-08-06 19:30:00,208.50500488,0.0,22584.019955280004,54.15702124,11292.00997735,0.1292,1722972600,2024-08-06 19:30:00
COVER,BUY,213.1499939,-1.0,0,1723042800,2024-08-07 15:00:00,213.1499939,0.0,11040.451208330003,0.0,11040.45120833,0.10405,1723042800,2024-08-07 15:00:00
SHORT,SELL,212.57989502,233.83788452,0,1723046400,2024-08-07 16:00:00,212.57989502,0.0,22080.902416660007,51.93553796,11040.45120932,0.10405,1723046400,2024-08-07 16:00:00
COVER,BUY,208.94000244,-1.0,0,1723057200,2024-08-07 19:00:00,208.94000244,0.0,11229.490988570007,0.0,11229.49098857,0.12295,1723057200,2024-08-07 19:00:00
LONG,BUY,208.94000244,188.0460022,0,1723057200,2024-08-07 19:00:00,208.94000244,53.74505053,0.0,0.0,11229.49098888,0.12295,1723057200,2024-08-07 19:00:00
CLOSE,SELL,209.86000061,-1.0,0,1723060800,2024-08-07 20:00:00,209.86000061,0.0,11278.93633701,0.0,11278.93633701,0.12789,1723060800,2024-08-07 20:00:00
SHORT,SELL,209.86000061,230.84600067,0,1723060800,2024-08-07 20:00:00,209.86000061,0.0,22557.87267402,53.74505053,11278.93633701,0.12789,1723060800,2024-08-07 20:00:00
COVER,BUY,210.72999573,-1.0,0,1723125600,2024-08-08 14:00:00,210.72999573,0.0,11232.17840532,0.0,11232.17840532,0.12322,1723125600,2024-08-08 14:00:00
LONG,BUY,210.72999573,189.65699616,0,1723125600,2024-08-08 14:00:00,210.72999573,53.30127952,0.0,0.0,11232.17840565,0.12322,1723125600,2024-08-08 14:00:00
CLOSE,SELL,212.52999878,-1.0,0,1723212000,2024-08-09 14:00:00,212.52999878,0.0,11328.12087136,0.0,11328.12087136,0.13281,1723212000,2024-08-09 14:00:00
SHORT,SELL,212.52999878,233.78299866,0,1723212000,2024-08-09 14:00:00,212.52999878,0.0,22656.24174272,53.30127952,11328.12087136,0.13281,1723212000,2024-08-09 14:00:00
COVER,BUY,214.69999695,-1.0,0,1723213800,2024-08-09 14:30:00,214.69999695,0.0,11212.457192340002,0.0,11212.45719234,0.12125,1723213800,2024-08-09 14:30:00
LONG,BUY,214.69999695,193.22999726,0,1723213800,2024-08-09 14:30:00,214.69999695,52.22383489,0.0,0.0,11212.4571916,0.12125,1723213800,2024-08-09 14:30:00
CLOSE,SELL,218.44999695,-1.0,0,1723473000,2024-08-12 14:30:00,218.44999695,0.0,11408.29657244,0.0,11408.29657244,0.14083,1723473000,2024-08-12 14:30:00
SHORT,SELL,218.44999695,240.29499665,0,1723473000,2024-08-12 14:30:00,218.44999695,0.0,22816.59314488,52.22383489,11408.29657244,0.14083,1723473000,2024-08-12 14:30:00
COVER,BUY,217.55000305,-1.0,0,1723492800,2024-08-12 20:00:00,217.55000305,0.0,11455.29770528,0.0,11455.29770528,0.14553,1723492800,2024-08-12 20:00:00
LONG,BUY,217.55000305,195.79500275,0,1723492800,2024-08-12 20:00:00,217.55000305,52.65592988,0.0,0.0,11455.29770599,0.14553,1723492800,2024-08-12 20:00:00
CLOSE,SELL,220.91009521,-1.0,0,1723572000,2024-08-13 18:00:00,220.91009521,0.0,11632.22648316,0.0,11632.22648316,0.16322,1723572000,2024-08-13 18:00:00
SHORT,SELL,220.91009521,243.00110473,0,1723572000,2024-08-13 18:00:00,220.91009521,0.0,23264.45296632,52.65592988,11632.22648316,0.16322,1723572000,2024-08-13 18:00:00
COVER,BUY,224.42999268,-1.0,0,1723730400,2024-08-15 14:00:00,224.42999268,0.0,11446.88300879,0.0,11446.88300879,0.14469,1723730400,2024-08-15 14:00:00
LONG,BUY,224.42999268,201.98699341,0,1723730400,2024-08-15 14:00:00,224.42999268,51.00424802,0.0,0.0,11446.88300978,0.14469,1723730400,2024-08-15 14:00:00
CLOSE,SELL,224.78999329,-1.0,0,1723732200,2024-08-15 14:30:00,224.78999329,0.0,11465.24457018,0.0,11465.24457018,0.14652,1723732200,2024-08-15 14:30:00
SHORT,SELL,224.78999329,247.26899262,0,1723732200,2024-08-15 14:30:00,224.78999329,0.0,22930.48914036,51.00424802,11465.24457018,0.14652,1723732200,2024-08-15 14:30:00
COVER,BUY,224.99499512,-1.0,0,1723739400,2024-08-15 16:30:00,224.99499512,0.0,11454.788606000002,0.0,11454.788606,0.14548,1723739400,2024-08-15 16:30:00
LONG,BUY,224.99499512,202.49549561,0,1723739400,2024-08-15 16:30:00,224.99499512,50.91130405,0.0,0.0,11454.78860628,0.14548,1723739400,2024-08-15 16:30:00
CLOSE,SELL,224.56500244,-1.0,0,1723741200,2024-08-15 17:00:00,224.56500244,0.0,11432.89711821,0.0,11432.89711821,0.14329,1723741200,2024-08-15 17:00:00
SHORT,SELL,224.56500244,247.02150268,0,1723741200,2024-08-15 17:00:00,224.56500244,0.0,22865.79423642,50.91130405,11432.89711821,0.14329,1723741200,2024-08-15 17:00:00
COVER,BUY,224.42500305,-1.0,0,1724085000,2024-08-19 16:30:00,224.42500305,0.0,11440.024669719998,0.0,11440.02466972,0.144,1724085000,2024-08-19 16:30:00
LONG,BUY,224.42500305,201.98250275,0,1724085000,2024-08-19 16:30:00,224.42500305,50.97482239,0.0,0.0,11440.02467035,0.144,1724085000,2024-08-19 16:30:00
CLOSE,SELL,224.92999268,-1.0,0,1724095800,2024-08-19 19:30:00,224.92999268,0.0,11465.76642705,0.0,11465.76642705,0.14658,1724095800,2024-08-19 19:30:00
SHORT,SELL,224.92999268,247.42299195,0,1724095800,2024-08-19 19:30:00,224.92999268,0.0,22931.5328541,50.97482239,11465.76642705,0.14658,1724095800,2024-08-19 19:30:00
COVER,BUY,227.02000427,-1.0,0,1724162400,2024-08-20 14:00:00,227.02000427,0.0,11359.228457460002,0.0,11359.22845746,0.13592,1724162400,2024-08-20 14:00:00
LONG,BUY,227.02000427,204.31800384,0,1724162400,2024-08-20 14:00:00,227.02000427,50.03624458,0.0,0.0,11359.22845821,0.13592,1724162400,2024-08-20 14:00:00
CLOSE,SELL,226.66000366,-1.0,0,1724164200,2024-08-20 14:30:00,226.66000366,0.0,11341.21537964,0.0,11341.21537964,0.13412,1724164200,2024-08-20 14:30:00
SHORT,SELL,225.96000671,248.55600738,0,1724166000,2024-08-20 15:00:00,225.96000671,0.0,22682.43075928,50.19125085,11341.21538043,0.13412,1724166000,2024-08-20 15:00:00
COVER,BUY,226.00010681,-1.0,0,1724261400,2024-08-21 17:30:00,226.00010681,0.0,11339.20270625,0.0,11339.20270625,0.13392,1724261400,2024-08-21 17:30:00
SHORT,SELL,226.44999695,249.09499665,0,1724265000,2024-08-21 18:30:00,226.44999695,0.0,22678.4054125,50.07375959,11339.20270607,0.13392,1724265000,2024-08-21 18:30:00
COVER,BUY,225.77000427,-1.0,0,1724268600,2024-08-21 19:30:00,225.77000427,0.0,11373.25249605,0.0,11373.25249605,0.13733,1724268600,2024-08-21 19:30:00
LONG,BUY,226.3999939,203.75999451,0,1724270400,2024-08-21 20:00:00,226.3999939,50.23521556,0.0,0.0,11373.25249635,0.13733,1724270400,2024-08-21 20:00:00
CLOSE,SELL,225.50999451,-1.0,0,1724342400,2024-08-22 16:00:00,225.50999451,0.0,11328.54318514,0.0,11328.54318514,0.13285,1724342400,2024-08-22 16:00:00
SHORT,SELL,225.50999451,248.06099396,0,1724342400,2024-08-22 16:00:00,225.50999451,0.0,22657.08637028,50.23521556,11328.54318514,0.13285,1724342400,2024-08-22 16:00:00
COVER,BUY,227.02000427,-1.0,0,1724421600,2024-08-23 14:00:00,227.02000427,0.0,11252.687519340001,0.0,11252.68751934,0.12527,1724421600,2024-08-23 14:00:00
LONG,BUY,227.02000427,204.31800384,0,1724421600,2024-08-23 14:00:00,227.02000427,49.56694259,0.0,0.0,11252.68751843,0.12527,1724421600,2024-08-23 14:00:00
CLOSE,SELL,225.94999695,-1.0,0,1724427000,2024-08-23 15:30:00,225.94999695,0.0,11199.65052703,0.0,11199.65052703,0.11997,1724427000,2024-08-23 15:30:00
SHORT,SELL,225.94999695,248.54499665,0,1724427000,2024-08-23 15:30:00,225.94999695,0.0,22399.30105406,49.56694259,11199.65052703,0.11997,1724427000,2024-08-23 15:30:00
COVER,BUY,226.45269775,-1.0,0,1724437800,2024-08-23 18:30:00,226.45269775,0.0,11174.733185340001,0.0,11174.73318534,0.11747,1724437800,2024-08-23 18:30:00
SHORT,SELL,226.47000122,249.11700134,0,1724439600,2024-08-23 19:00:00,226.47000122,0.0,22349.466370680002,49.3431056,11174.73318525,0.11747,1724439600,2024-08-23 19:00:00
COVER,BUY,224.94999695,-1.0,0,1724682600,2024-08-26 14:30:00,224.94999695,0.0,11249.734916460002,0.0,11249.73491646,0.12497,1724682600,2024-08-26 14:30:00
SHORT,SELL,224.82000732,247.30200805,0,1724684400,2024-08-26 15:00:00,224.82000732,0.0,22499.469832920004,50.0388513,11249.73491737,0.12497,1724684400,2024-08-26 15:00:00
COVER,BUY,225.07000732,-1.0,0,1724686200,2024-08-26 15:30:00,225.07000732,0.0,11237.225204540004,0.0,11237.22520454,0.12372,1724686200,2024-08-26 15:30:00
LONG,BUY,225.07000732,202.56300659,0,1724686200,2024-08-26 15:30:00,225.07000732,49.92768845,0.0,0.0,11237.22520491,0.12372,1724686200,2024-08-26 15:30:00
CLOSE,SELL,224.86999512,-1.0,0,1724688000,2024-08-26 16:00:00,224.86999512,0.0,11227.2390581,0.0,11227.2390581,0.12272,1724688000,2024-08-26 16:00:00
SHORT,SELL,224.86999512,247.35699463,0,1724688000,2024-08-26 16:00:00,224.86999512,0.0,22454.4781162,49.92768845,11227.2390581,0.12272,1724688000,2024-08-26 16:00:00
COVER,BUY,226.18499756,-1.0,0,1724691600,2024-08-26 17:00:00,226.18499756,0.0,11161.584025959999,0.0,11161.58402596,0.11616,1724691600,2024-08-26 17:00:00
SHORT,SELL,225.6000061,248.16000671,0,1724695200,2024-08-26 18:00:00,225.6000061,0.0,22323.168051919998,49.47510516,11161.58402603,0.11616,1724695200,2024-08-26 18:00:00
COVER,BUY,226.74499512,-1.0,0,1724767200,2024-08-27 14:00:00,226.74499512,0.0,11104.935573849998,0.0,11104.93557385,0.11049,1724767200,2024-08-27 14:00:00
LONG,BUY,226.74499512,204.07049561,0,1724767200,2024-08-27 14:00:00,226.74499512,48.97543854,0.0,0.0,11104.93557275,0.11049,1724767200,2024-08-27 14:00:00
CLOSE,SELL,228.30670166,-1.0,0,1724770800,2024-08-27 15:00:00,228.30670166,0.0,11181.42083542,0.0,11181.42083542,0.11814,1724770800,2024-08-27 15:00:00
LONG,BUY,227.94000244,205.1460022,0,1724776200,2024-08-27 16:30:00,227.94000244,49.05422794,0.0,0.0,11181.42083634,0.11814,1724776200,2024-08-27 16:30:00
CLOSE,SELL,229.63999939,-1.0,0,1724855400,2024-08-28 14:30:00,229.63999939,0.0,11264.81287422,0.0,11264.81287422,0.12648,1724855400,2024-08-28 14:30:00
LONG,BUY,227.49000549,204.74100494,0,1724857200,2024-08-28 15:00:00,227.49000549,49.5178364,0.0,0.0,11264.81287449,0.12648,1724857200,2024-08-28 15:00:00
CLOSE,SELL,226.80999756,-1.0,0,1724859000,2024-08-28 15:30:00,226.80999756,0.0,11231.14035306,0.0,11231.14035306,0.12311,1724859000,2024-08-28 15:30:00
SHORT,SELL,226.80999756,249.49099732,0,1724859000,2024-08-28 15:30:00,226.80999756,0.0,22462.28070612,49.5178364,11231.14035306,0.12311,1724859000,2024-08-28 15:30:00
COVER,BUY,226.83000183,-1.0,0,1724860800,2024-08-28 16:00:00,226.83000183,0.0,11230.14978489,0.0,11230.14978489,0.12301,1724860800,2024-08-28 16:00:00
LONG,BUY,226.83000183,204.14700165,0,1724860800,2024-08-28 16:00:00,226.83000183,49.50910239,0.0,0.0,11230.14978573,0.12301,1724860800,2024-08-28 16:00:00
CLOSE,SELL,227.02999878,-1.0,0,1724862600,2024-08-28 16:30:00,227.02999878,0.0,11240.0514552,0.0,11240.0514552,0.12401,1724862600,2024-08-28 16:30:00
SHORT,SELL,227.02999878,249.73299866,0,1724862600,2024-08-28 16:30:00,227.02999878,0.0,22480.1029104,49.50910239,11240.0514552,0.12401,1724862600,2024-08-28 16:30:00
COVER,BUY,227.47000122,-1.0,0,1724866200,2024-08-28 17:30:00,227.47000122,0.0,11218.267329350001,0.0,11218.26732935,0.12183,1724866200,2024-08-28 17:30:00
SHORT,SELL,225.89500427,248.4845047,0,1724868000,2024-08-28 18:00:00,225.89500427,0.0,22436.534658700002,49.66142286,11218.26732969,0.12183,1724868000,2024-08-28 18:00:00
COVER,BUY,227.16389465,-1.0,0,1724871600,2024-08-28 19:00:00,227.16389465,0.0,11155.252427960002,0.0,11155.25242796,0.11553,1724871600,2024-08-28 19:00:00
LONG,BUY,227.16389465,204.44750519,0,1724871600,2024-08-28 19:00:00,227.16389465,49.10662606,0.0,0.0,11155.25242891,0.11553,1724871600,2024-08-28 19:00:00
CLOSE,SELL,231.57000732,-1.0,0,1724940000,2024-08-29 14:00:00,231.57000732,0.0,11371.62175617,0.0,11371.62175617,0.13716,1724940000,2024-08-29 14:00:00
LONG,BUY,232.44999695,209.20499726,0,1724945400,2024-08-29 15:30:00,232.44999695,48.92072233,0.0,0.0,11371.6217564,0.13716,1724945400,2024-08-29 15:30:00
CLOSE,SELL,229.08999634,-1.0,0,1725026400,2024-08-30 14:00:00,229.08999634,0.0,11207.24809953,0.0,11207.24809953,0.12072,1725026400,2024-08-30 14:00:00
SHORT,SELL,228.24499512,251.06949463,0,1725031800,2024-08-30 15:30:00,228.24499512,0.0,22414.49619906,49.10183504,11207.24809997,0.12072,1725031800,2024-08-30 15:30:00
COVER,BUY,229.03999329,-1.0,0,1725046200,2024-08-30 19:30:00,229.03999329,0.0,11168.212230969999,0.0,11168.21223097,0.11682,1725046200,2024-08-30 19:30:00
LONG,BUY,229.03999329,206.13599396,0,1725046200,2024-08-30 19:30:00,229.03999329,48.76096995,0.0,0.0,11168.21223016,0.11682,1725046200,2024-08-30 19:30:00
CLOSE,SELL,226.16000366,-1.0,0,1725372000,2024-09-03 14:00:00,226.16000366,0.0,11027.78114236,0.0,11027.78114236,0.10278,1725372000,2024-09-03 14:00:00
SHORT,SELL,226.16000366,248.77600403,0,1725372000,2024-09-03 14:00:00,226.16000366,0.0,22055.56228472,48.76096995,11027.78114236,0.10278,1725372000,2024-09-03 14:00:00
COVER,BUY,225.30999756,-1.0,0,1725373800,2024-09-03 14:30:00,225.30999756,0.0,11069.228264259998,0.0,11069.22826426,0.10692,1725373800,2024-09-03 14:30:00
LONG,BUY,225.30999756,202.7789978,0,1725373800,2024-09-03 14:30:00,225.30999756,49.12888191,0.0,0.0,11069.22826327,0.10692,1725373800,2024-09-03 14:30:00
CLOSE,SELL,223.64500427,-1.0,0,1725375600,2024-09-03 15:00:00,223.64500427,0.0,10987.42900454,0.0,10987.42900454,0.09874,1725375600,2024-09-03 15:00:00
SHORT,SELL,223.64500427,246.0095047,0,1725375600,2024-09-03 15:00:00,223.64500427,0.0,21974.85800908,49.12888191,10987.42900454,0.09874,1725375600,2024-09-03 15:00:00
COVER,BUY,223.21000671,-1.0,0,1725386400,2024-09-03 18:00:00,223.21000671,0.0,11008.79994829,0.0,11008.79994829,0.10088,1725386400,2024-09-03 18:00:00
SHORT,SELL,222.13000488,244.34300537,0,1725388200,2024-09-03 18:30:00,222.13000488,0.0,22017.59989658,49.56016615,11008.79994783,0.10088,1725388200,2024-09-03 18:30:00
COVER,BUY,224.71000671,-1.0,0,1725544800,2024-09-05 14:00:00,224.71000671,0.0,10880.93462846,0.0,10880.93462846,0.08809,1725544800,2024-09-05 14:00:00
LONG,BUY,224.71000671,202.23900604,0,1725544800,2024-09-05 14:00:00,224.71000671,48.42211875,0.0,0.0,10880.93462922,0.08809,1725544800,2024-09-05 14:00:00
CLOSE,SELL,223.69999695,-1.0,0,1725548400,2024-09-05 15:00:00,223.69999695,0.0,10832.02781669,0.0,10832.02781669,0.0832,1725548400,2024-09-05 15:00:00
SHORT,SELL,223.69999695,246.06999665,0,1725548400,2024-09-05 15:00:00,223.69999695,0.0,21664.05563338,48.42211875,10832.02781669,0.0832,1725548400,2024-09-05 15:00:00
COVER,BUY,222.47999573,-1.0,0,1725550200,2024-09-05 15:30:00,222.47999573,0.0,10891.102860640001,0.0,10891.10286064,0.08911,1725550200,2024-09-05 15:30:00
LONG,BUY,222.47999573,200.23199616,0,1725550200,2024-09-05 15:30:00,222.47999573,48.95317813,0.0,0.0,10891.10286133,0.08911,1725550200,2024-09-05 15:30:00
CLOSE,SELL,222.69000244,-1.0,0,1725633000,2024-09-06 14:30:00,222.69000244,0.0,10901.38335722,0.0,10901.38335722,0.09014,1725633000,2024-09-06 14:30:00
SHORT,SELL,221.3999939,243.53999329,0,1725634800,2024-09-06 15:00:00,221.3999939,0.0,21802.76671444,49.23840857,10901.3833574,0.09014,1725634800,2024-09-06 15:00:00
COVER,BUY,220.97999573,-1.0,0,1725643800,2024-09-06 17:30:00,220.97999573,0.0,10922.06339889,0.0,10922.06339889,0.09221,1725643800,2024-09-06 17:30:00
LONG,BUY,220.97999573,198.88199616,0,1725643800,2024-09-06 17:30:00,220.97999573,49.42557521,0.0,0.0,10922.06339886,0.09221,1725643800,2024-09-06 17:30:00
CLOSE,SELL,221.05999756,-1.0,0,1725651000,2024-09-06 19:30:00,221.05999756,0.0,10926.01753532,0.0,10926.01753532,0.0926,1725651000,2024-09-06 19:30:00
SHORT,SELL,221.05999756,243.16599732,0,1725651000,2024-09-06 19:30:00,221.05999756,0.0,21852.03507064,49.42557521,10926.01753532,0.0926,1725651000,2024-09-06 19:30:00
COVER,BUY,218.875,-1.0,0,1725892200,2024-09-09 14:30:00,218.875,0.0,11034.012296549998,0.0,11034.01229655,0.1034,1725892200,2024-09-09 14:30:00
LONG,BUY,218.875,196.9875,0,1725892200,2024-09-09 14:30:00,218.875,50.41239199,0.0,0.0,11034.01229681,0.1034,1725892200,2024-09-09 14:30:00
CLOSE,SELL,217.19999695,-1.0,0,1725894000,2024-09-09 15:00:00,217.19999695,0.0,10949.57138647,0.0,10949.57138647,0.09496,1725894000,2024-09-09 15:00:00
SHORT,SELL,217.19999695,238.91999665,0,1725894000,2024-09-09 15:00:00,217.19999695,0.0,21899.14277294,50.41239199,10949.57138647,0.09496,1725894000,2024-09-09 15:00:00
COVER,BUY,218.96000671,-1.0,0,1725895800,2024-09-09 15:30:00,218.96000671,0.0,10860.845084539998,0.0,10860.84508454,0.08608,1725895800,2024-09-09 15:30:00
LONG,BUY,218.96000671,197.06400604,0,1725895800,2024-09-09 15:30:00,218.96000671,49.60195813,0.0,0.0,10860.84508497,0.08608,1725895800,2024-09-09 15:30:00
CLOSE,SELL,219.16940308,-1.0,0,1725904800,2024-09-09 18:00:00,219.16940308,0.0,10871.23155495,0.0,10871.23155495,0.08712,1725904800,2024-09-09 18:00:00
SHORT,SELL,219.16940308,241.08634339,0,1725904800,2024-09-09 18:00:00,219.16940308,0.0,21742.4631099,49.60195813,10871.23155495,0.08712,1725904800,2024-09-09 18:00:00
COVER,BUY,217.16999817,-1.0,0,1725906600,2024-09-09 18:30:00,217.16999817,0.0,10970.40595358,0.0,10970.40595358,0.09704,1725906600,2024-09-09 18:30:00
LONG,BUY,217.16999817,195.45299835,0,1725906600,2024-09-09 18:30:00,217.16999817,50.51529238,0.0,0.0,10970.40595372,0.09704,1725906600,2024-09-09 18:30:00
CLOSE,SELL,219.25999451,-1.0,0,1725910200,2024-09-09 19:30:00,219.25999451,0.0,11075.98272991,0.0,11075.98272991,0.1076,1725910200,2024-09-09 19:30:00
LONG,BUY,220.99000549,198.89100494,0,1725912000,2024-09-09 20:00:00,220.99000549,50.11983553,0.0,0.0,11075.98272893,0.1076,1725912000,2024-09-09 20:00:00
CLOSE,SELL,217.51499939,-1.0,0,1725976800,2024-09-10 14:00:00,217.51499939,0.0,10901.81599473,0.0,10901.81599473,0.09018,1725976800,2024-09-10 14:00:00
SHORT,SELL,217.51499939,239.26649933,0,1725976800,2024-09-10 14:00:00,217.51499939,0.0,21803.63198946,50.11983553,10901.81599473,0.09018,1725976800,2024-09-10 14:00:00
COVER,BUY,219.94999695,-1.0,0,1725982200,2024-09-10 15:30:00,219.94999695,0.0,10779.774317499998,0.0,10779.7743175,0.07798,1725982200,2024-09-10 15:30:00
SHORT,SELL,218.33999634,240.17399597,0,1725984000,2024-09-10 16:00:00,218.33999634,0.0,21559.548634999996,49.37150544,10779.77431793,0.07798,1725984000,2024-09-10 16:00:00
COVER,BUY,219.5460968,-1.0,0,1725987600,2024-09-10 17:00:00,219.5460968,0.0,10720.227322509996,0.0,10720.22732251,0.07202,1725987600,2024-09-10 17:00:00
LONG,BUY,219.5460968,197.59148712,0,1725987600,2024-09-10 17:00:00,219.5460968,48.82904993,0.0,0.0,10720.22732258,0.07202,1725987600,2024-09-10 17:00:00
CLOSE,SELL,220.80999756,-1.0,0,1725993000,2024-09-10 18:30:00,220.80999756,0.0,10781.9423959,0.0,10781.9423959,0.07819,1725993000,2024-09-10 18:30:00
SHORT,SELL,220.80999756,242.89099732,0,1725993000,2024-09-10 18:30:00,220.80999756,0.0,21563.8847918,48.82904993,10781.9423959,0.07819,1725993000,2024-09-10 18:30:00
COVER,BUY,219.25,-1.0,0,1726065000,2024-09-11 14:30:00,219.25,0.0,10858.115594649998,0.0,10858.11559465,0.08581,1726065000,2024-09-11 14:30:00
SHORT,SELL,219.67999268,241.64799195,0,1726070400,2024-09-11 16:00:00,219.67999268,0.0,21716.231189299997,49.4269663,10858.11559432,0.08581,1726070400,2024-09-11 16:00:00
COVER,BUY,222.36999512,-1.0,0,1726237800,2024-09-13 14:30:00,222.36999512,0.0,10725.156934369998,0.0,10725.15693437,0.07252,1726237800,2024-09-13 14:30:00
SHORT,SELL,223.54499817,245.89949799,0,1726241400,2024-09-13 15:30:00,223.54499817,0.0,21450.313868739995,47.97761982,10725.15693388,0.07252,1726241400,2024-09-13 15:30:00
COVER,BUY,223.31010437,-1.0,0,1726245000,2024-09-13 16:30:00,223.31010437,0.0,10736.426579309995,0.0,10736.42657931,0.07364,1726245000,2024-09-13 16:30:00
LONG,BUY,223.31010437,200.97909393,0,1726245000,2024-09-13 16:30:00,223.31010437,48.07855251,0.0,0.0,10736.42657897,0.07364,1726245000,2024-09-13 16:30:00
CLOSE,SELL,223.88000488,-1.0,0,1726246800,2024-09-13 17:00:00,223.88000488,0.0,10763.82657056,0.0,10763.82657056,0.07638,1726246800,2024-09-13 17:00:00
SHORT,SELL,223.58380127,245.9421814,0,1726248600,2024-09-13 17:30:00,223.58380127,0.0,21527.65314112,48.14224693,10763.82657083,0.07638,1726248600,2024-09-13 17:30:00
COVER,BUY,223.0,-1.0,0,1726252200,2024-09-13 18:30:00,223.0,0.0,10791.932075730001,0.0,10791.93207573,0.07919,1726252200,2024-09-13 18:30:00
LONG,BUY,222.47009277,200.22308349,0,1726254000,2024-09-13 19:00:00,222.47009277,48.5095859,0.0,0.0,10791.93207541,0.07919,1726254000,2024-09-13 19:00:00
CLOSE,SELL,215.19500732,-1.0,0,1726495200,2024-09-16 14:00:00,215.19500732,0.0,10439.02069284,0.0,10439.02069284,0.0439,1726495200,2024-09-16 14:00:00
SHORT,SELL,216.66000366,238.32600403,0,1726497000,2024-09-16 14:30:00,216.66000366,0.0,20878.04138568,48.1815772,10439.02069318,0.0439,1726497000,2024-09-16 14:30:00
COVER,BUY,219.19999695,-1.0,0,1726668000,2024-09-18 14:00:00,219.19999695,0.0,10316.639810390001,0.0,10316.63981039,0.03166,1726668000,2024-09-18 14:00:00
LONG,BUY,219.19999695,197.27999726,0,1726668000,2024-09-18 14:00:00,219.19999695,47.06496329,0.0,0.0,10316.63980962,0.03166,1726668000,2024-09-18 14:00:00
CLOSE,SELL,220.73500061,-1.0,0,1726669800,2024-09-18 14:30:00,220.73500061,0.0,10388.88470053,0.0,10388.88470053,0.03889,1726669800,2024-09-18 14:30:00
SHORT,SELL,220.73500061,242.80850067,0,1726669800,2024-09-18 14:30:00,220.73500061,0.0,20777.76940106,47.06496329,10388.88470053,0.03889,1726669800,2024-09-18 14:30:00
COVER,BUY,220.63000488,-1.0,0,1726673400,2024-09-18 15:30:00,220.63000488,0.0,10393.826320709999,0.0,10393.82632071,0.03938,1726673400,2024-09-18 15:30:00
LONG,BUY,220.63000488,198.56700439,0,1726673400,2024-09-18 15:30:00,220.63000488,47.10975883,0.0,0.0,10393.82632056,0.03938,1726673400,2024-09-18 15:30:00
CLOSE,SELL,227.94020081,-1.0,0,1726758000,2024-09-19 15:00:00,227.94020081,0.0,10738.20788782,0.0,10738.20788782,0.07382,1726758000,2024-09-19 15:00:00
LONG,BUY,228.49000549,205.64100494,0,1726759800,2024-09-19 15:30:00,228.49000549,46.99640085,0.0,0.0,10738.20788823,0.07382,1726759800,2024-09-19 15:30:00
